bKFhkeksP@ya.ru,UPDATE,2024-09-25 03:06:27
dtiwKkJXfF@mail.ru,READ,2024-09-25 23:40:04
FZXmSUzeR@ya.ru,CREATE,2024-09-25 14:07:53
EOxEu@gmail.com,CREATE,2024-09-25 02:37:04
nCRxWfPvO@mail.ru,READ,2024-09-25 03:35:07
cAGuWVeGBsaGED@ya.ru,READ,2024-09-25 14:54:02
FZXmSUzeR@ya.ru,UPDATE,2024-09-25 08:37:56
ofbDGWV@mail.ru,READ,2024-09-25 09:32:37
zUbqRYGdt@mail.ru,UPDATE,2024-09-25 14:27:55
nVkPeSKIArZcqI@gmail.com,READ,2024-09-25 20:52:28
dtiwKkJXfF@mail.ru,UPDATE,2024-09-25 23:50:25
FZXmSUzeR@ya.ru,DELETE,2024-09-25 13:28:04
FZXmSUzeR@ya.ru,CREATE,2024-09-25 05:13:34
FZXmSUzeR@ya.ru,UPDATE,2024-09-25 20:15:19
bKFhkeksP@ya.ru,READ,2024-09-25 22:01:24
zUbqRYGdt@mail.ru,READ,2024-09-25 04:00:24
xEtNpRsDgqsTCH@gmail.com,CREATE,2024-09-25 10:26:33
bKFhkeksP@ya.ru,READ,2024-09-25 19:33:36
ofbDGWV@mail.ru,CREATE,2024-09-25 02:01:32
ofbDGWV@mail.ru,DELETE,2024-09-25 09:55:14
cJtcopznx@mail.ru,READ,2024-09-25 10:29:38
nVkPeSKIArZcqI@gmail.com,CREATE,2024-09-25 18:58:07
ofbDGWV@mail.ru,READ,2024-09-25 08:42:14
PztsyiPP@ya.ru,DELETE,2024-09-25 21:01:27
nVkPeSKIArZcqI@gmail.com,DELETE,2024-09-25 20:53:44
nCRxWfPvO@mail.ru,UPDATE,2024-09-25 03:47:58
EOxEu@gmail.com,UPDATE,2024-09-25 17:00:47
EOxEu@gmail.com,READ,2024-09-25 00:22:47
xEtNpRsDgqsTCH@gmail.com,READ,2024-09-25 21:09:06
FZXmSUzeR@ya.ru,UPDATE,2024-09-25 09:47:10
PztsyiPP@ya.ru,CREATE,2024-09-25 21:27:49
nCRxWfPvO@mail.ru,DELETE,2024-09-25 22:26:39
xEtNpRsDgqsTCH@gmail.com,DELETE,2024-09-25 04:26:18
PztsyiPP@ya.ru,CREATE,2024-09-25 12:50:06
cJtcopznx@mail.ru,CREATE,2024-09-25 21:39:36
IQMABTurNToWZ@mail.ru,UPDATE,2024-09-25 05:56:37
zUbqRYGdt@mail.ru,READ,2024-09-25 06:32:28
PztsyiPP@ya.ru,READ,2024-09-25 10:17:37
FZXmSUzeR@ya.ru,UPDATE,2024-09-25 11:41:14
ofbDGWV@mail.ru,DELETE,2024-09-25 15:43:16
IQMABTurNToWZ@mail.ru,UPDATE,2024-09-25 09:53:20
cAGuWVeGBsaGED@ya.ru,READ,2024-09-25 13:48:12
nCRxWfPvO@mail.ru,UPDATE,2024-09-25 04:17:20
nVkPeSKIArZcqI@gmail.com,UPDATE,2024-09-25 12:39:40
EOxEu@gmail.com,UPDATE,2024-09-25 23:07:43
nVkPeSKIArZcqI@gmail.com,CREATE,2024-09-25 08:56:23
ofbDGWV@mail.ru,UPDATE,2024-09-25 01:38:09
eZtacH@gmail.com,CREATE,2024-09-25 18:38:21
cAGuWVeGBsaGED@ya.ru,UPDATE,2024-09-25 00:52:46
xEtNpRsDgqsTCH@gmail.com,UPDATE,2024-09-25 16:46:25
ofbDGWV@mail.ru,READ,2024-09-25 22:34:22
zUbqRYGdt@mail.ru,DELETE,2024-09-25 19:50:18
cAGuWVeGBsaGED@ya.ru,DELETE,2024-09-25 11:33:46
nCRxWfPvO@mail.ru,READ,2024-09-25 06:06:18
PztsyiPP@ya.ru,UPDATE,2024-09-25 14:54:14
dtiwKkJXfF@mail.ru,CREATE,2024-09-25 17:52:08
PztsyiPP@ya.ru,READ,2024-09-25 16:39:15
eZtacH@gmail.com,UPDATE,2024-09-25 02:15:09
cAGuWVeGBsaGED@ya.ru,UPDATE,2024-09-25 23:02:52
hoDdznfyHaCJF@ya.ru,CREATE,2024-09-25 23:02:00
dtiwKkJXfF@mail.ru,CREATE,2024-09-25 09:48:17
eZtacH@gmail.com,DELETE,2024-09-25 06:37:33
cAGuWVeGBsaGED@ya.ru,CREATE,2024-09-25 08:14:22
bKFhkeksP@ya.ru,CREATE,2024-09-25 20:59:07
nVkPeSKIArZcqI@gmail.com,CREATE,2024-09-25 05:03:17
bKFhkeksP@ya.ru,UPDATE,2024-09-25 02:56:22
FZXmSUzeR@ya.ru,READ,2024-09-25 23:48:16
nCRxWfPvO@mail.ru,DELETE,2024-09-25 07:33:51
zUbqRYGdt@mail.ru,DELETE,2024-09-25 10:37:38
EOxEu@gmail.com,READ,2024-09-25 15:20:11
zUbqRYGdt@mail.ru,READ,2024-09-25 00:06:42
cAGuWVeGBsaGED@ya.ru,READ,2024-09-25 16:48:52
dtiwKkJXfF@mail.ru,DELETE,2024-09-25 14:58:46
EOxEu@gmail.com,DELETE,2024-09-25 20:50:04
EOxEu@gmail.com,CREATE,2024-09-25 03:47:52
bKFhkeksP@ya.ru,UPDATE,2024-09-25 06:09:06
cJtcopznx@mail.ru,READ,2024-09-25 08:59:04
PztsyiPP@ya.ru,DELETE,2024-09-25 07:12:31
hoDdznfyHaCJF@ya.ru,READ,2024-09-25 03:24:44
cAGuWVeGBsaGED@ya.ru,CREATE,2024-09-25 11:10:08
nCRxWfPvO@mail.ru,CREATE,2024-09-25 15:14:24
cJtcopznx@mail.ru,CREATE,2024-09-25 17:50:25
dtiwKkJXfF@mail.ru,READ,2024-09-25 10:33:03
ofbDGWV@mail.ru,UPDATE,2024-09-25 07:28:51
nVkPeSKIArZcqI@gmail.com,CREATE,2024-09-25 21:32:57
cAGuWVeGBsaGED@ya.ru,UPDATE,2024-09-25 19:11:17
bKFhkeksP@ya.ru,UPDATE,2024-09-25 14:23:56
nCRxWfPvO@mail.ru,READ,2024-09-25 00:18:49
bKFhkeksP@ya.ru,DELETE,2024-09-25 22:47:32
dtiwKkJXfF@mail.ru,UPDATE,2024-09-25 01:29:09
hoDdznfyHaCJF@ya.ru,UPDATE,2024-09-25 06:06:04
xEtNpRsDgqsTCH@gmail.com,DELETE,2024-09-25 10:51:40
dtiwKkJXfF@mail.ru,DELETE,2024-09-25 23:33:21
FZXmSUzeR@ya.ru,DELETE,2024-09-25 01:47:58
xEtNpRsDgqsTCH@gmail.com,UPDATE,2024-09-25 20:55:56
EOxEu@gmail.com,READ,2024-09-25 10:17:11
cAGuWVeGBsaGED@ya.ru,UPDATE,2024-09-25 18:14:33
bKFhkeksP@ya.ru,DELETE,2024-09-25 02:47:49
nVkPeSKIArZcqI@gmail.com,CREATE,2024-09-25 10:08:53
PztsyiPP@ya.ru,UPDATE,2024-09-25 22:49:57
cAGuWVeGBsaGED@ya.ru,UPDATE,2024-09-25 17:48:21
nVkPeSKIArZcqI@gmail.com,CREATE,2024-09-25 06:22:33
FZXmSUzeR@ya.ru,READ,2024-09-25 10:26:42
hoDdznfyHaCJF@ya.ru,DELETE,2024-09-25 21:59:21
EOxEu@gmail.com,DELETE,2024-09-25 07:17:17
PztsyiPP@ya.ru,UPDATE,2024-09-25 21:18:47
EOxEu@gmail.com,READ,2024-09-25 23:57:05
zUbqRYGdt@mail.ru,DELETE,2024-09-25 16:30:10
zUbqRYGdt@mail.ru,DELETE,2024-09-25 16:23:39
cJtcopznx@mail.ru,UPDATE,2024-09-25 00:02:02
ofbDGWV@mail.ru,UPDATE,2024-09-25 23:37:17
nVkPeSKIArZcqI@gmail.com,CREATE,2024-09-25 19:38:12
IQMABTurNToWZ@mail.ru,UPDATE,2024-09-25 02:00:09
ofbDGWV@mail.ru,READ,2024-09-25 00:31:51
cAGuWVeGBsaGED@ya.ru,READ,2024-09-25 10:34:45
bKFhkeksP@ya.ru,DELETE,2024-09-25 19:36:00
eZtacH@gmail.com,CREATE,2024-09-25 07:21:51
nVkPeSKIArZcqI@gmail.com,UPDATE,2024-09-25 15:35:54
cAGuWVeGBsaGED@ya.ru,CREATE,2024-09-25 07:25:51
nVkPeSKIArZcqI@gmail.com,CREATE,2024-09-25 18:22:48
dtiwKkJXfF@mail.ru,CREATE,2024-09-25 12:40:27
FZXmSUzeR@ya.ru,UPDATE,2024-09-25 19:21:19
IQMABTurNToWZ@mail.ru,UPDATE,2024-09-25 02:27:35
eZtacH@gmail.com,READ,2024-09-25 07:50:42
cAGuWVeGBsaGED@ya.ru,DELETE,2024-09-25 20:48:38
IQMABTurNToWZ@mail.ru,READ,2024-09-25 23:27:07
zUbqRYGdt@mail.ru,CREATE,2024-09-25 10:51:49
cJtcopznx@mail.ru,CREATE,2024-09-25 15:57:54
cJtcopznx@mail.ru,DELETE,2024-09-25 02:56:04
hoDdznfyHaCJF@ya.ru,UPDATE,2024-09-25 15:24:10
eZtacH@gmail.com,UPDATE,2024-09-25 03:36:08
hoDdznfyHaCJF@ya.ru,CREATE,2024-09-25 12:53:59
bKFhkeksP@ya.ru,UPDATE,2024-09-25 06:02:54
bKFhkeksP@ya.ru,UPDATE,2024-09-25 08:35:06
dtiwKkJXfF@mail.ru,UPDATE,2024-09-25 04:37:53
xEtNpRsDgqsTCH@gmail.com,READ,2024-09-25 17:22:35
cJtcopznx@mail.ru,READ,2024-09-25 03:45:51
zUbqRYGdt@mail.ru,READ,2024-09-25 19:08:57
bKFhkeksP@ya.ru,UPDATE,2024-09-25 16:22:29
eZtacH@gmail.com,CREATE,2024-09-25 17:56:26
EOxEu@gmail.com,UPDATE,2024-09-25 13:04:24
hoDdznfyHaCJF@ya.ru,CREATE,2024-09-25 06:33:07
cJtcopznx@mail.ru,UPDATE,2024-09-25 21:55:00
PztsyiPP@ya.ru,UPDATE,2024-09-25 19:44:30
nCRxWfPvO@mail.ru,CREATE,2024-09-25 22:55:12
cAGuWVeGBsaGED@ya.ru,DELETE,2024-09-25 22:10:19
xEtNpRsDgqsTCH@gmail.com,READ,2024-09-25 00:34:21
cJtcopznx@mail.ru,READ,2024-09-25 15:05:45
IQMABTurNToWZ@mail.ru,DELETE,2024-09-25 17:40:14
ofbDGWV@mail.ru,CREATE,2024-09-25 03:22:05
cAGuWVeGBsaGED@ya.ru,DELETE,2024-09-25 16:03:28
cJtcopznx@mail.ru,DELETE,2024-09-25 00:26:07
IQMABTurNToWZ@mail.ru,UPDATE,2024-09-25 11:20:53
cAGuWVeGBsaGED@ya.ru,UPDATE,2024-09-25 13:10:48
nVkPeSKIArZcqI@gmail.com,UPDATE,2024-09-25 16:45:53
ofbDGWV@mail.ru,READ,2024-09-25 18:22:09
IQMABTurNToWZ@mail.ru,READ,2024-09-25 19:59:33
nVkPeSKIArZcqI@gmail.com,DELETE,2024-09-25 03:52:12
hoDdznfyHaCJF@ya.ru,READ,2024-09-25 15:48:35
eZtacH@gmail.com,READ,2024-09-25 05:21:50
nVkPeSKIArZcqI@gmail.com,UPDATE,2024-09-25 10:58:50
dtiwKkJXfF@mail.ru,DELETE,2024-09-25 22:56:43
FZXmSUzeR@ya.ru,DELETE,2024-09-25 19:21:22
PztsyiPP@ya.ru,UPDATE,2024-09-25 10:39:33
FZXmSUzeR@ya.ru,READ,2024-09-25 15:12:46
nVkPeSKIArZcqI@gmail.com,DELETE,2024-09-25 10:24:32
IQMABTurNToWZ@mail.ru,CREATE,2024-09-25 22:29:58
FZXmSUzeR@ya.ru,READ,2024-09-25 08:36:10
EOxEu@gmail.com,DELETE,2024-09-25 02:44:13
bKFhkeksP@ya.ru,UPDATE,2024-09-25 16:41:14
bKFhkeksP@ya.ru,DELETE,2024-09-25 01:44:24
xEtNpRsDgqsTCH@gmail.com,DELETE,2024-09-25 21:58:05
cAGuWVeGBsaGED@ya.ru,CREATE,2024-09-25 19:16:51
PztsyiPP@ya.ru,DELETE,2024-09-25 19:20:25
IQMABTurNToWZ@mail.ru,UPDATE,2024-09-25 01:44:22
cJtcopznx@mail.ru,DELETE,2024-09-25 15:44:29
EOxEu@gmail.com,READ,2024-09-25 03:14:46
cAGuWVeGBsaGED@ya.ru,UPDATE,2024-09-25 02:15:34
ofbDGWV@mail.ru,READ,2024-09-25 13:51:22
EOxEu@gmail.com,CREATE,2024-09-25 03:19:39
nCRxWfPvO@mail.ru,READ,2024-09-25 08:16:35
cJtcopznx@mail.ru,CREATE,2024-09-25 14:56:54
EOxEu@gmail.com,CREATE,2024-09-25 12:32:51
EOxEu@gmail.com,UPDATE,2024-09-25 09:39:30
bKFhkeksP@ya.ru,DELETE,2024-09-25 07:38:57
cAGuWVeGBsaGED@ya.ru,CREATE,2024-09-25 10:22:29
hoDdznfyHaCJF@ya.ru,UPDATE,2024-09-25 07:52:51
cJtcopznx@mail.ru,READ,2024-09-25 12:08:14
nCRxWfPvO@mail.ru,DELETE,2024-09-25 05:23:48
dtiwKkJXfF@mail.ru,UPDATE,2024-09-25 14:23:53
FZXmSUzeR@ya.ru,UPDATE,2024-09-25 14:29:54
bKFhkeksP@ya.ru,CREATE,2024-09-25 08:11:20
ofbDGWV@mail.ru,UPDATE,2024-09-25 04:56:14
xEtNpRsDgqsTCH@gmail.com,DELETE,2024-09-25 18:43:49
zUbqRYGdt@mail.ru,READ,2024-09-25 17:56:18
ofbDGWV@mail.ru,CREATE,2024-09-25 17:44:53
nVkPeSKIArZcqI@gmail.com,UPDATE,2024-09-25 10:54:39
cAGuWVeGBsaGED@ya.ru,UPDATE,2024-09-25 20:17:56
cAGuWVeGBsaGED@ya.ru,DELETE,2024-09-25 10:28:21
dtiwKkJXfF@mail.ru,READ,2024-09-25 10:43:44
nCRxWfPvO@mail.ru,READ,2024-09-25 15:25:17
dtiwKkJXfF@mail.ru,READ,2024-09-25 01:32:10
eZtacH@gmail.com,UPDATE,2024-09-25 10:08:17
nVkPeSKIArZcqI@gmail.com,UPDATE,2024-09-25 16:32:33
cJtcopznx@mail.ru,UPDATE,2024-09-25 09:10:20
ofbDGWV@mail.ru,DELETE,2024-09-25 18:41:37
PztsyiPP@ya.ru,READ,2024-09-25 03:56:42
cJtcopznx@mail.ru,CREATE,2024-09-25 13:53:18
nCRxWfPvO@mail.ru,UPDATE,2024-09-25 05:36:51
EOxEu@gmail.com,UPDATE,2024-09-25 14:15:39
nVkPeSKIArZcqI@gmail.com,DELETE,2024-09-25 10:00:41
xEtNpRsDgqsTCH@gmail.com,READ,2024-09-25 10:14:53
hoDdznfyHaCJF@ya.ru,READ,2024-09-25 00:04:41
zUbqRYGdt@mail.ru,CREATE,2024-09-25 14:10:30
IQMABTurNToWZ@mail.ru,UPDATE,2024-09-25 05:21:17
IQMABTurNToWZ@mail.ru,READ,2024-09-25 06:04:26
ofbDGWV@mail.ru,CREATE,2024-09-25 13:19:31
FZXmSUzeR@ya.ru,READ,2024-09-25 03:42:34
ofbDGWV@mail.ru,DELETE,2024-09-25 20:27:14
eZtacH@gmail.com,DELETE,2024-09-25 06:38:34
xEtNpRsDgqsTCH@gmail.com,DELETE,2024-09-25 13:45:01
dtiwKkJXfF@mail.ru,UPDATE,2024-09-25 12:01:36
cJtcopznx@mail.ru,READ,2024-09-25 23:54:43
nVkPeSKIArZcqI@gmail.com,UPDATE,2024-09-25 10:08:07
xEtNpRsDgqsTCH@gmail.com,READ,2024-09-25 08:15:08
ofbDGWV@mail.ru,READ,2024-09-25 09:21:14
nVkPeSKIArZcqI@gmail.com,READ,2024-09-25 06:17:24
dtiwKkJXfF@mail.ru,CREATE,2024-09-25 11:18:09
FZXmSUzeR@ya.ru,READ,2024-09-25 06:11:26
eZtacH@gmail.com,CREATE,2024-09-25 02:33:55
IQMABTurNToWZ@mail.ru,READ,2024-09-25 08:12:09
PztsyiPP@ya.ru,READ,2024-09-25 13:41:02
IQMABTurNToWZ@mail.ru,READ,2024-09-25 23:48:23
ofbDGWV@mail.ru,READ,2024-09-25 03:03:54
hoDdznfyHaCJF@ya.ru,DELETE,2024-09-25 07:39:13
IQMABTurNToWZ@mail.ru,UPDATE,2024-09-25 11:34:58
cAGuWVeGBsaGED@ya.ru,UPDATE,2024-09-25 07:27:30
xEtNpRsDgqsTCH@gmail.com,DELETE,2024-09-25 08:16:53
dtiwKkJXfF@mail.ru,CREATE,2024-09-25 15:53:19
FZXmSUzeR@ya.ru,CREATE,2024-09-25 01:35:45
bKFhkeksP@ya.ru,DELETE,2024-09-25 06:24:18
PztsyiPP@ya.ru,READ,2024-09-25 02:46:01
dtiwKkJXfF@mail.ru,UPDATE,2024-09-25 13:58:28
zUbqRYGdt@mail.ru,READ,2024-09-25 18:45:34
ofbDGWV@mail.ru,DELETE,2024-09-25 07:20:39
PztsyiPP@ya.ru,CREATE,2024-09-25 10:20:28
nVkPeSKIArZcqI@gmail.com,CREATE,2024-09-25 09:03:40
cAGuWVeGBsaGED@ya.ru,READ,2024-09-25 14:47:34
dtiwKkJXfF@mail.ru,UPDATE,2024-09-25 11:24:08
zUbqRYGdt@mail.ru,UPDATE,2024-09-25 23:31:17
bKFhkeksP@ya.ru,UPDATE,2024-09-25 15:10:02
IQMABTurNToWZ@mail.ru,DELETE,2024-09-25 06:43:02
cJtcopznx@mail.ru,CREATE,2024-09-25 05:10:52
FZXmSUzeR@ya.ru,READ,2024-09-25 08:38:56
EOxEu@gmail.com,CREATE,2024-09-25 10:19:19
dtiwKkJXfF@mail.ru,CREATE,2024-09-25 05:50:12
xEtNpRsDgqsTCH@gmail.com,DELETE,2024-09-25 19:28:05
IQMABTurNToWZ@mail.ru,READ,2024-09-25 05:33:32
dtiwKkJXfF@mail.ru,UPDATE,2024-09-25 02:22:21
xEtNpRsDgqsTCH@gmail.com,CREATE,2024-09-25 07:17:37
zUbqRYGdt@mail.ru,READ,2024-09-25 08:35:40
xEtNpRsDgqsTCH@gmail.com,UPDATE,2024-09-25 16:16:37
cAGuWVeGBsaGED@ya.ru,DELETE,2024-09-25 23:17:47
EOxEu@gmail.com,READ,2024-09-25 00:28:20
IQMABTurNToWZ@mail.ru,UPDATE,2024-09-25 04:12:57
nCRxWfPvO@mail.ru,READ,2024-09-25 23:45:02
xEtNpRsDgqsTCH@gmail.com,READ,2024-09-25 01:42:30
zUbqRYGdt@mail.ru,CREATE,2024-09-25 20:15:40
IQMABTurNToWZ@mail.ru,UPDATE,2024-09-25 03:15:26
eZtacH@gmail.com,DELETE,2024-09-25 01:43:19
zUbqRYGdt@mail.ru,UPDATE,2024-09-25 09:41:47
cJtcopznx@mail.ru,UPDATE,2024-09-25 23:40:36
ofbDGWV@mail.ru,READ,2024-09-25 04:11:47
eZtacH@gmail.com,CREATE,2024-09-25 06:23:16
eZtacH@gmail.com,READ,2024-09-25 12:31:04
hoDdznfyHaCJF@ya.ru,READ,2024-09-25 00:24:31
ofbDGWV@mail.ru,READ,2024-09-25 07:13:52
EOxEu@gmail.com,READ,2024-09-25 18:52:58
cAGuWVeGBsaGED@ya.ru,DELETE,2024-09-25 07:24:33
cAGuWVeGBsaGED@ya.ru,READ,2024-09-25 04:19:25
IQMABTurNToWZ@mail.ru,CREATE,2024-09-25 06:32:31
EOxEu@gmail.com,UPDATE,2024-09-25 02:36:27
dtiwKkJXfF@mail.ru,UPDATE,2024-09-25 09:54:35
FZXmSUzeR@ya.ru,READ,2024-09-25 13:35:04
bKFhkeksP@ya.ru,UPDATE,2024-09-25 01:41:58
FZXmSUzeR@ya.ru,CREATE,2024-09-25 14:58:12
zUbqRYGdt@mail.ru,READ,2024-09-25 13:03:14
cJtcopznx@mail.ru,DELETE,2024-09-25 10:05:17
cAGuWVeGBsaGED@ya.ru,CREATE,2024-09-25 19:16:37
EOxEu@gmail.com,DELETE,2024-09-25 03:20:29
dtiwKkJXfF@mail.ru,UPDATE,2024-09-25 03:30:59
EOxEu@gmail.com,CREATE,2024-09-25 08:24:02
xEtNpRsDgqsTCH@gmail.com,READ,2024-09-25 21:51:23
eZtacH@gmail.com,CREATE,2024-09-25 19:58:11
ofbDGWV@mail.ru,UPDATE,2024-09-25 01:29:26
nVkPeSKIArZcqI@gmail.com,CREATE,2024-09-25 01:32:42
eZtacH@gmail.com,DELETE,2024-09-25 11:52:47
ofbDGWV@mail.ru,UPDATE,2024-09-25 18:37:37
eZtacH@gmail.com,CREATE,2024-09-25 15:15:35
dtiwKkJXfF@mail.ru,CREATE,2024-09-25 09:41:08
bKFhkeksP@ya.ru,READ,2024-09-25 11:53:56
bKFhkeksP@ya.ru,READ,2024-09-25 17:08:50
hoDdznfyHaCJF@ya.ru,DELETE,2024-09-25 12:44:24
nCRxWfPvO@mail.ru,CREATE,2024-09-25 13:45:42
IQMABTurNToWZ@mail.ru,CREATE,2024-09-25 15:14:18
cJtcopznx@mail.ru,CREATE,2024-09-25 17:33:25
eZtacH@gmail.com,READ,2024-09-25 14:03:55
eZtacH@gmail.com,READ,2024-09-25 14:45:27
EOxEu@gmail.com,CREATE,2024-09-25 16:43:09
bKFhkeksP@ya.ru,UPDATE,2024-09-25 09:35:02
PztsyiPP@ya.ru,READ,2024-09-25 11:55:59
ofbDGWV@mail.ru,UPDATE,2024-09-25 23:08:38
eZtacH@gmail.com,DELETE,2024-09-25 22:48:36
nCRxWfPvO@mail.ru,UPDATE,2024-09-25 12:39:03
hoDdznfyHaCJF@ya.ru,DELETE,2024-09-25 10:13:37
nCRxWfPvO@mail.ru,CREATE,2024-09-25 12:48:38
hoDdznfyHaCJF@ya.ru,UPDATE,2024-09-25 12:19:28
xEtNpRsDgqsTCH@gmail.com,READ,2024-09-25 06:02:44
cAGuWVeGBsaGED@ya.ru,UPDATE,2024-09-25 07:04:46
nCRxWfPvO@mail.ru,CREATE,2024-09-25 10:16:30
EOxEu@gmail.com,CREATE,2024-09-25 09:21:47
hoDdznfyHaCJF@ya.ru,DELETE,2024-09-25 18:20:44
xEtNpRsDgqsTCH@gmail.com,UPDATE,2024-09-25 03:13:25
IQMABTurNToWZ@mail.ru,CREATE,2024-09-25 16:41:28
FZXmSUzeR@ya.ru,UPDATE,2024-09-25 21:11:48
cAGuWVeGBsaGED@ya.ru,READ,2024-09-25 07:39:56
nVkPeSKIArZcqI@gmail.com,CREATE,2024-09-25 17:26:16
IQMABTurNToWZ@mail.ru,DELETE,2024-09-25 04:48:07
dtiwKkJXfF@mail.ru,READ,2024-09-25 08:53:02
hoDdznfyHaCJF@ya.ru,DELETE,2024-09-25 02:01:28
zUbqRYGdt@mail.ru,CREATE,2024-09-25 22:42:05
EOxEu@gmail.com,CREATE,2024-09-25 04:25:15
dtiwKkJXfF@mail.ru,DELETE,2024-09-25 12:50:45
PztsyiPP@ya.ru,UPDATE,2024-09-25 19:34:00
bKFhkeksP@ya.ru,CREATE,2024-09-25 04:52:47
ofbDGWV@mail.ru,DELETE,2024-09-25 18:43:52
nVkPeSKIArZcqI@gmail.com,DELETE,2024-09-25 06:27:08
ofbDGWV@mail.ru,CREATE,2024-09-25 16:37:17
FZXmSUzeR@ya.ru,READ,2024-09-25 02:48:21
FZXmSUzeR@ya.ru,CREATE,2024-09-25 14:40:34
eZtacH@gmail.com,DELETE,2024-09-25 11:21:11
FZXmSUzeR@ya.ru,DELETE,2024-09-25 10:57:05
cAGuWVeGBsaGED@ya.ru,READ,2024-09-25 04:46:05
cJtcopznx@mail.ru,READ,2024-09-25 19:33:14
xEtNpRsDgqsTCH@gmail.com,CREATE,2024-09-25 23:14:52
nCRxWfPvO@mail.ru,DELETE,2024-09-25 03:43:45
FZXmSUzeR@ya.ru,READ,2024-09-25 20:06:28
cJtcopznx@mail.ru,READ,2024-09-25 04:26:19
cJtcopznx@mail.ru,DELETE,2024-09-25 14:14:31
zUbqRYGdt@mail.ru,DELETE,2024-09-25 17:04:46
PztsyiPP@ya.ru,UPDATE,2024-09-25 02:21:34
cAGuWVeGBsaGED@ya.ru,DELETE,2024-09-25 13:51:24
bKFhkeksP@ya.ru,UPDATE,2024-09-25 19:48:15
nVkPeSKIArZcqI@gmail.com,DELETE,2024-09-25 07:29:52
nCRxWfPvO@mail.ru,DELETE,2024-09-25 15:26:45
dtiwKkJXfF@mail.ru,UPDATE,2024-09-25 18:17:54
PztsyiPP@ya.ru,READ,2024-09-25 23:00:20
xEtNpRsDgqsTCH@gmail.com,READ,2024-09-25 22:23:31
nCRxWfPvO@mail.ru,CREATE,2024-09-25 01:18:31
dtiwKkJXfF@mail.ru,READ,2024-09-25 05:18:23
EOxEu@gmail.com,CREATE,2024-09-25 02:44:46
nCRxWfPvO@mail.ru,UPDATE,2024-09-25 06:14:00
nCRxWfPvO@mail.ru,READ,2024-09-25 12:15:19
xEtNpRsDgqsTCH@gmail.com,UPDATE,2024-09-25 02:58:08
FZXmSUzeR@ya.ru,CREATE,2024-09-25 21:12:01
eZtacH@gmail.com,UPDATE,2024-09-25 01:16:13
cAGuWVeGBsaGED@ya.ru,CREATE,2024-09-25 17:46:25
zUbqRYGdt@mail.ru,READ,2024-09-25 15:18:17
bKFhkeksP@ya.ru,UPDATE,2024-09-25 14:50:30
zUbqRYGdt@mail.ru,UPDATE,2024-09-25 20:17:27
zUbqRYGdt@mail.ru,READ,2024-09-25 13:54:48
PztsyiPP@ya.ru,READ,2024-09-25 15:33:07
eZtacH@gmail.com,READ,2024-09-25 11:24:57
hoDdznfyHaCJF@ya.ru,CREATE,2024-09-25 02:10:33
EOxEu@gmail.com,CREATE,2024-09-25 14:54:47
cJtcopznx@mail.ru,CREATE,2024-09-25 13:03:43
eZtacH@gmail.com,CREATE,2024-09-25 17:59:23
FZXmSUzeR@ya.ru,READ,2024-09-25 18:58:37
hoDdznfyHaCJF@ya.ru,DELETE,2024-09-25 17:06:20
IQMABTurNToWZ@mail.ru,UPDATE,2024-09-25 20:14:06
IQMABTurNToWZ@mail.ru,UPDATE,2024-09-25 11:48:02
EOxEu@gmail.com,DELETE,2024-09-25 12:00:46
dtiwKkJXfF@mail.ru,DELETE,2024-09-25 17:33:36
IQMABTurNToWZ@mail.ru,READ,2024-09-25 00:26:04
nCRxWfPvO@mail.ru,READ,2024-09-25 21:41:34
hoDdznfyHaCJF@ya.ru,CREATE,2024-09-25 12:18:37
nVkPeSKIArZcqI@gmail.com,UPDATE,2024-09-25 13:16:22
EOxEu@gmail.com,UPDATE,2024-09-25 01:36:02
eZtacH@gmail.com,DELETE,2024-09-25 14:34:25
hoDdznfyHaCJF@ya.ru,UPDATE,2024-09-25 04:23:35
cAGuWVeGBsaGED@ya.ru,CREATE,2024-09-25 14:41:03
dtiwKkJXfF@mail.ru,READ,2024-09-25 11:33:02
cJtcopznx@mail.ru,DELETE,2024-09-25 07:22:42
PztsyiPP@ya.ru,UPDATE,2024-09-25 15:53:00
bKFhkeksP@ya.ru,DELETE,2024-09-25 09:19:43
nVkPeSKIArZcqI@gmail.com,DELETE,2024-09-25 09:45:08
bKFhkeksP@ya.ru,READ,2024-09-25 10:51:01
dtiwKkJXfF@mail.ru,DELETE,2024-09-25 04:42:06
bKFhkeksP@ya.ru,DELETE,2024-09-25 04:56:06
PztsyiPP@ya.ru,UPDATE,2024-09-25 10:48:04
bKFhkeksP@ya.ru,DELETE,2024-09-25 21:14:01
eZtacH@gmail.com,UPDATE,2024-09-25 18:27:53
ofbDGWV@mail.ru,READ,2024-09-25 09:38:27
FZXmSUzeR@ya.ru,UPDATE,2024-09-25 10:48:13
eZtacH@gmail.com,CREATE,2024-09-25 03:12:12
PztsyiPP@ya.ru,READ,2024-09-25 07:51:17
cJtcopznx@mail.ru,READ,2024-09-25 00:27:01
nVkPeSKIArZcqI@gmail.com,READ,2024-09-25 09:34:34
PztsyiPP@ya.ru,DELETE,2024-09-25 12:34:03
hoDdznfyHaCJF@ya.ru,CREATE,2024-09-25 08:35:01
xEtNpRsDgqsTCH@gmail.com,DELETE,2024-09-25 14:27:17
cJtcopznx@mail.ru,READ,2024-09-25 09:15:05
nVkPeSKIArZcqI@gmail.com,UPDATE,2024-09-25 09:12:44
eZtacH@gmail.com,READ,2024-09-25 10:01:02
cAGuWVeGBsaGED@ya.ru,DELETE,2024-09-25 07:57:09
eZtacH@gmail.com,CREATE,2024-09-25 05:15:19
nVkPeSKIArZcqI@gmail.com,CREATE,2024-09-25 15:37:38
cJtcopznx@mail.ru,CREATE,2024-09-25 03:51:15
EOxEu@gmail.com,UPDATE,2024-09-25 16:51:04
dtiwKkJXfF@mail.ru,UPDATE,2024-09-25 09:05:00
hoDdznfyHaCJF@ya.ru,CREATE,2024-09-25 05:21:22
cAGuWVeGBsaGED@ya.ru,CREATE,2024-09-25 06:55:24
zUbqRYGdt@mail.ru,CREATE,2024-09-25 01:36:43
xEtNpRsDgqsTCH@gmail.com,UPDATE,2024-09-25 08:30:56
cAGuWVeGBsaGED@ya.ru,READ,2024-09-25 19:20:55
EOxEu@gmail.com,CREATE,2024-09-25 03:05:36
nCRxWfPvO@mail.ru,READ,2024-09-25 06:09:13
xEtNpRsDgqsTCH@gmail.com,UPDATE,2024-09-25 08:15:48
bKFhkeksP@ya.ru,CREATE,2024-09-25 17:44:31
ofbDGWV@mail.ru,UPDATE,2024-09-25 22:41:39
zUbqRYGdt@mail.ru,DELETE,2024-09-25 20:51:19
IQMABTurNToWZ@mail.ru,DELETE,2024-09-25 03:17:24
FZXmSUzeR@ya.ru,CREATE,2024-09-25 17:33:36
nVkPeSKIArZcqI@gmail.com,CREATE,2024-09-25 01:55:33
eZtacH@gmail.com,CREATE,2024-09-25 05:57:00
dtiwKkJXfF@mail.ru,CREATE,2024-09-25 02:15:54
bKFhkeksP@ya.ru,READ,2024-09-25 13:15:55
PztsyiPP@ya.ru,UPDATE,2024-09-25 19:21:23
zUbqRYGdt@mail.ru,UPDATE,2024-09-25 19:50:33
cAGuWVeGBsaGED@ya.ru,READ,2024-09-25 06:03:10
xEtNpRsDgqsTCH@gmail.com,UPDATE,2024-09-25 02:06:23
cJtcopznx@mail.ru,UPDATE,2024-09-25 06:27:15
EOxEu@gmail.com,UPDATE,2024-09-25 10:47:46
zUbqRYGdt@mail.ru,READ,2024-09-25 23:18:20
IQMABTurNToWZ@mail.ru,READ,2024-09-25 19:41:22
EOxEu@gmail.com,DELETE,2024-09-25 13:49:07
zUbqRYGdt@mail.ru,READ,2024-09-25 15:08:58
hoDdznfyHaCJF@ya.ru,CREATE,2024-09-25 06:43:26
bKFhkeksP@ya.ru,DELETE,2024-09-25 19:33:19
PztsyiPP@ya.ru,UPDATE,2024-09-25 14:11:10
IQMABTurNToWZ@mail.ru,READ,2024-09-25 02:17:44
ofbDGWV@mail.ru,READ,2024-09-25 21:58:34
hoDdznfyHaCJF@ya.ru,READ,2024-09-25 09:10:58
cAGuWVeGBsaGED@ya.ru,CREATE,2024-09-25 07:09:56
hoDdznfyHaCJF@ya.ru,CREATE,2024-09-25 15:09:32
zUbqRYGdt@mail.ru,CREATE,2024-09-25 21:12:25
xEtNpRsDgqsTCH@gmail.com,DELETE,2024-09-25 13:26:29
hoDdznfyHaCJF@ya.ru,READ,2024-09-25 12:15:36
bKFhkeksP@ya.ru,DELETE,2024-09-25 02:07:02
nCRxWfPvO@mail.ru,READ,2024-09-25 23:47:13
bKFhkeksP@ya.ru,UPDATE,2024-09-25 22:23:30
dtiwKkJXfF@mail.ru,READ,2024-09-25 19:11:39
hoDdznfyHaCJF@ya.ru,UPDATE,2024-09-25 10:13:55
cAGuWVeGBsaGED@ya.ru,READ,2024-09-25 23:01:06
EOxEu@gmail.com,DELETE,2024-09-25 07:32:03
FZXmSUzeR@ya.ru,DELETE,2024-09-25 15:35:34
ofbDGWV@mail.ru,UPDATE,2024-09-25 04:21:50
FZXmSUzeR@ya.ru,UPDATE,2024-09-25 10:48:40
cAGuWVeGBsaGED@ya.ru,DELETE,2024-09-25 12:01:13
nCRxWfPvO@mail.ru,DELETE,2024-09-25 05:17:07
bKFhkeksP@ya.ru,UPDATE,2024-09-25 08:41:34
cJtcopznx@mail.ru,CREATE,2024-09-25 06:11:24
IQMABTurNToWZ@mail.ru,READ,2024-09-25 17:54:09
dtiwKkJXfF@mail.ru,DELETE,2024-09-25 12:55:27
PztsyiPP@ya.ru,UPDATE,2024-09-25 00:31:34
dtiwKkJXfF@mail.ru,CREATE,2024-09-25 13:39:55
FZXmSUzeR@ya.ru,CREATE,2024-09-25 00:53:04
bKFhkeksP@ya.ru,READ,2024-09-25 16:31:57
bKFhkeksP@ya.ru,UPDATE,2024-09-25 00:18:08
FZXmSUzeR@ya.ru,CREATE,2024-09-25 05:53:37
hoDdznfyHaCJF@ya.ru,UPDATE,2024-09-25 07:47:21
EOxEu@gmail.com,UPDATE,2024-09-25 09:42:35
zUbqRYGdt@mail.ru,CREATE,2024-09-25 07:54:31
bKFhkeksP@ya.ru,CREATE,2024-09-25 15:03:02
EOxEu@gmail.com,DELETE,2024-09-25 20:44:06
dtiwKkJXfF@mail.ru,CREATE,2024-09-25 14:26:57
xEtNpRsDgqsTCH@gmail.com,UPDATE,2024-09-25 23:41:46
cAGuWVeGBsaGED@ya.ru,UPDATE,2024-09-25 10:11:05
dtiwKkJXfF@mail.ru,DELETE,2024-09-25 14:25:22
xEtNpRsDgqsTCH@gmail.com,UPDATE,2024-09-25 20:30:13
xEtNpRsDgqsTCH@gmail.com,READ,2024-09-25 06:26:56
nVkPeSKIArZcqI@gmail.com,DELETE,2024-09-25 21:57:48
PztsyiPP@ya.ru,READ,2024-09-25 05:29:49
PztsyiPP@ya.ru,READ,2024-09-25 06:59:18
zUbqRYGdt@mail.ru,DELETE,2024-09-25 06:00:06
bKFhkeksP@ya.ru,UPDATE,2024-09-25 05:55:55
EOxEu@gmail.com,UPDATE,2024-09-25 03:51:04
cJtcopznx@mail.ru,UPDATE,2024-09-25 17:59:15
cJtcopznx@mail.ru,DELETE,2024-09-25 03:07:54
xEtNpRsDgqsTCH@gmail.com,READ,2024-09-25 11:04:12