FZXmSUzeR@ya.ru,CREATE,2024-09-26 10:37:31
PztsyiPP@ya.ru,UPDATE,2024-09-26 05:55:40
ofbDGWV@mail.ru,UPDATE,2024-09-26 03:11:01
FZXmSUzeR@ya.ru,READ,2024-09-26 04:44:57
xEtNpRsDgqsTCH@gmail.com,READ,2024-09-26 09:53:01
PztsyiPP@ya.ru,READ,2024-09-26 14:50:35
ofbDGWV@mail.ru,READ,2024-09-26 13:06:25
zUbqRYGdt@mail.ru,CREATE,2024-09-26 00:57:00
nCRxWfPvO@mail.ru,DELETE,2024-09-26 09:10:34
eZtacH@gmail.com,UPDATE,2024-09-26 20:47:43
dtiwKkJXfF@mail.ru,DELETE,2024-09-26 21:52:32
FZXmSUzeR@ya.ru,DELETE,2024-09-26 18:38:21
cAGuWVeGBsaGED@ya.ru,CREATE,2024-09-26 00:05:39
dtiwKkJXfF@mail.ru,DELETE,2024-09-26 06:38:36
dtiwKkJXfF@mail.ru,DELETE,2024-09-26 11:59:44
bKFhkeksP@ya.ru,READ,2024-09-26 06:46:30
hoDdznfyHaCJF@ya.ru,CREATE,2024-09-26 11:48:28
nVkPeSKIArZcqI@gmail.com,DELETE,2024-09-26 16:27:08
zUbqRYGdt@mail.ru,READ,2024-09-26 11:14:05
nCRxWfPvO@mail.ru,READ,2024-09-26 10:55:59
nCRxWfPvO@mail.ru,CREATE,2024-09-26 20:54:53
PztsyiPP@ya.ru,UPDATE,2024-09-26 03:02:54
cAGuWVeGBsaGED@ya.ru,DELETE,2024-09-26 11:40:01
hoDdznfyHaCJF@ya.ru,READ,2024-09-26 03:42:35
IQMABTurNToWZ@mail.ru,DELETE,2024-09-26 03:30:08
ofbDGWV@mail.ru,READ,2024-09-26 10:29:38
hoDdznfyHaCJF@ya.ru,CREATE,2024-09-26 07:09:52
zUbqRYGdt@mail.ru,READ,2024-09-26 22:25:33
dtiwKkJXfF@mail.ru,CREATE,2024-09-26 07:24:38
cAGuWVeGBsaGED@ya.ru,CREATE,2024-09-26 10:08:22
ofbDGWV@mail.ru,UPDATE,2024-09-26 01:38:21
PztsyiPP@ya.ru,READ,2024-09-26 23:35:38
eZtacH@gmail.com,READ,2024-09-26 02:52:07
hoDdznfyHaCJF@ya.ru,CREATE,2024-09-26 04:46:30
EOxEu@gmail.com,READ,2024-09-26 12:40:05
dtiwKkJXfF@mail.ru,UPDATE,2024-09-26 03:54:09
eZtacH@gmail.com,CREATE,2024-09-26 04:05:10
bKFhkeksP@ya.ru,CREATE,2024-09-26 04:36:45
dtiwKkJXfF@mail.ru,CREATE,2024-09-26 18:41:27
PztsyiPP@ya.ru,DELETE,2024-09-26 20:39:32
FZXmSUzeR@ya.ru,DELETE,2024-09-26 06:48:22
bKFhkeksP@ya.ru,UPDATE,2024-09-26 20:32:28
cAGuWVeGBsaGED@ya.ru,CREATE,2024-09-26 17:19:43
eZtacH@gmail.com,CREATE,2024-09-26 19:47:34
hoDdznfyHaCJF@ya.ru,DELETE,2024-09-26 09:42:15
EOxEu@gmail.com,READ,2024-09-26 05:20:13
cJtcopznx@mail.ru,DELETE,2024-09-26 12:21:42
EOxEu@gmail.com,READ,2024-09-26 19:38:43
ofbDGWV@mail.ru,DELETE,2024-09-26 15:31:57
ofbDGWV@mail.ru,CREATE,2024-09-26 00:59:06
PztsyiPP@ya.ru,READ,2024-09-26 06:54:09
EOxEu@gmail.com,CREATE,2024-09-26 08:16:14
zUbqRYGdt@mail.ru,DELETE,2024-09-26 11:03:35
eZtacH@gmail.com,CREATE,2024-09-26 13:52:19
nVkPeSKIArZcqI@gmail.com,READ,2024-09-26 11:35:20
eZtacH@gmail.com,READ,2024-09-26 13:57:50
dtiwKkJXfF@mail.ru,READ,2024-09-26 14:58:47
ofbDGWV@mail.ru,CREATE,2024-09-26 18:26:48
dtiwKkJXfF@mail.ru,READ,2024-09-26 18:42:17
hoDdznfyHaCJF@ya.ru,DELETE,2024-09-26 17:14:13
zUbqRYGdt@mail.ru,DELETE,2024-09-26 01:54:21
zUbqRYGdt@mail.ru,UPDATE,2024-09-26 15:44:45
hoDdznfyHaCJF@ya.ru,CREATE,2024-09-26 14:14:40
cAGuWVeGBsaGED@ya.ru,UPDATE,2024-09-26 15:52:54
EOxEu@gmail.com,DELETE,2024-09-26 12:50:44
IQMABTurNToWZ@mail.ru,UPDATE,2024-09-26 20:43:18
bKFhkeksP@ya.ru,UPDATE,2024-09-26 15:53:24
FZXmSUzeR@ya.ru,READ,2024-09-26 03:07:36
ofbDGWV@mail.ru,CREATE,2024-09-26 07:43:39
cJtcopznx@mail.ru,UPDATE,2024-09-26 13:24:05
dtiwKkJXfF@mail.ru,DELETE,2024-09-26 11:18:56
cAGuWVeGBsaGED@ya.ru,DELETE,2024-09-26 03:04:44
ofbDGWV@mail.ru,DELETE,2024-09-26 11:05:40
zUbqRYGdt@mail.ru,DELETE,2024-09-26 20:46:28
EOxEu@gmail.com,READ,2024-09-26 06:04:33
ofbDGWV@mail.ru,CREATE,2024-09-26 01:02:44
nVkPeSKIArZcqI@gmail.com,DELETE,2024-09-26 23:37:15
cJtcopznx@mail.ru,READ,2024-09-26 04:22:51
IQMABTurNToWZ@mail.ru,DELETE,2024-09-26 18:08:26
xEtNpRsDgqsTCH@gmail.com,DELETE,2024-09-26 14:31:40
PztsyiPP@ya.ru,CREATE,2024-09-26 16:53:06
zUbqRYGdt@mail.ru,CREATE,2024-09-26 00:50:43
nCRxWfPvO@mail.ru,CREATE,2024-09-26 01:00:10
dtiwKkJXfF@mail.ru,UPDATE,2024-09-26 10:04:25
xEtNpRsDgqsTCH@gmail.com,UPDATE,2024-09-26 16:35:22
bKFhkeksP@ya.ru,DELETE,2024-09-26 08:58:58
IQMABTurNToWZ@mail.ru,CREATE,2024-09-26 21:03:40
PztsyiPP@ya.ru,UPDATE,2024-09-26 18:58:36
hoDdznfyHaCJF@ya.ru,READ,2024-09-26 07:44:15
dtiwKkJXfF@mail.ru,READ,2024-09-26 20:37:23
EOxEu@gmail.com,READ,2024-09-26 00:40:36
EOxEu@gmail.com,UPDATE,2024-09-26 06:56:23
nCRxWfPvO@mail.ru,READ,2024-09-26 03:55:09
nCRxWfPvO@mail.ru,READ,2024-09-26 09:13:14
zUbqRYGdt@mail.ru,DELETE,2024-09-26 23:27:25
xEtNpRsDgqsTCH@gmail.com,READ,2024-09-26 12:44:20
nCRxWfPvO@mail.ru,UPDATE,2024-09-26 23:04:41
nCRxWfPvO@mail.ru,CREATE,2024-09-26 11:54:18
FZXmSUzeR@ya.ru,CREATE,2024-09-26 07:48:54
xEtNpRsDgqsTCH@gmail.com,DELETE,2024-09-26 14:01:55
nCRxWfPvO@mail.ru,CREATE,2024-09-26 21:14:23
EOxEu@gmail.com,READ,2024-09-26 15:42:25
ofbDGWV@mail.ru,READ,2024-09-26 16:52:37
dtiwKkJXfF@mail.ru,UPDATE,2024-09-26 19:42:20
eZtacH@gmail.com,READ,2024-09-26 10:35:17
hoDdznfyHaCJF@ya.ru,UPDATE,2024-09-26 09:42:19
EOxEu@gmail.com,READ,2024-09-26 09:40:55
cJtcopznx@mail.ru,CREATE,2024-09-26 06:36:55
cAGuWVeGBsaGED@ya.ru,READ,2024-09-26 10:56:07
hoDdznfyHaCJF@ya.ru,DELETE,2024-09-26 12:21:00
zUbqRYGdt@mail.ru,READ,2024-09-26 14:55:38
cJtcopznx@mail.ru,DELETE,2024-09-26 07:30:07
nVkPeSKIArZcqI@gmail.com,READ,2024-09-26 20:09:35
PztsyiPP@ya.ru,UPDATE,2024-09-26 16:19:35
EOxEu@gmail.com,CREATE,2024-09-26 14:50:38
EOxEu@gmail.com,CREATE,2024-09-26 10:03:01
eZtacH@gmail.com,DELETE,2024-09-26 05:13:14
dtiwKkJXfF@mail.ru,READ,2024-09-26 19:32:28
EOxEu@gmail.com,DELETE,2024-09-26 09:00:19
hoDdznfyHaCJF@ya.ru,DELETE,2024-09-26 23:01:13
cJtcopznx@mail.ru,CREATE,2024-09-26 20:07:19
FZXmSUzeR@ya.ru,READ,2024-09-26 19:12:32
xEtNpRsDgqsTCH@gmail.com,DELETE,2024-09-26 08:50:50
zUbqRYGdt@mail.ru,DELETE,2024-09-26 01:35:13
eZtacH@gmail.com,CREATE,2024-09-26 14:44:19
PztsyiPP@ya.ru,CREATE,2024-09-26 03:29:14
IQMABTurNToWZ@mail.ru,UPDATE,2024-09-26 18:38:31
IQMABTurNToWZ@mail.ru,CREATE,2024-09-26 08:16:46
zUbqRYGdt@mail.ru,READ,2024-09-26 07:43:11
nVkPeSKIArZcqI@gmail.com,READ,2024-09-26 16:30:41
hoDdznfyHaCJF@ya.ru,READ,2024-09-26 21:13:04
bKFhkeksP@ya.ru,CREATE,2024-09-26 18:25:59
cAGuWVeGBsaGED@ya.ru,CREATE,2024-09-26 23:40:42
dtiwKkJXfF@mail.ru,CREATE,2024-09-26 13:58:39
FZXmSUzeR@ya.ru,DELETE,2024-09-26 03:51:29
bKFhkeksP@ya.ru,UPDATE,2024-09-26 07:36:29
EOxEu@gmail.com,UPDATE,2024-09-26 09:09:55
FZXmSUzeR@ya.ru,DELETE,2024-09-26 08:47:31
IQMABTurNToWZ@mail.ru,UPDATE,2024-09-26 17:50:57
zUbqRYGdt@mail.ru,DELETE,2024-09-26 21:22:54
PztsyiPP@ya.ru,UPDATE,2024-09-26 05:20:59
nVkPeSKIArZcqI@gmail.com,CREATE,2024-09-26 15:45:06
nCRxWfPvO@mail.ru,READ,2024-09-26 15:39:44
IQMABTurNToWZ@mail.ru,UPDATE,2024-09-26 16:32:12
EOxEu@gmail.com,CREATE,2024-09-26 07:29:22
IQMABTurNToWZ@mail.ru,READ,2024-09-26 10:53:55
nCRxWfPvO@mail.ru,CREATE,2024-09-26 18:03:42
xEtNpRsDgqsTCH@gmail.com,UPDATE,2024-09-26 17:36:05
EOxEu@gmail.com,DELETE,2024-09-26 11:31:45
zUbqRYGdt@mail.ru,CREATE,2024-09-26 08:01:14
FZXmSUzeR@ya.ru,UPDATE,2024-09-26 15:05:07
FZXmSUzeR@ya.ru,CREATE,2024-09-26 06:30:51
eZtacH@gmail.com,CREATE,2024-09-26 07:36:57
cJtcopznx@mail.ru,UPDATE,2024-09-26 11:44:36
FZXmSUzeR@ya.ru,READ,2024-09-26 07:26:01
ofbDGWV@mail.ru,READ,2024-09-26 16:26:01
nCRxWfPvO@mail.ru,CREATE,2024-09-26 03:16:16
nCRxWfPvO@mail.ru,CREATE,2024-09-26 17:29:54
dtiwKkJXfF@mail.ru,READ,2024-09-26 01:37:12
nCRxWfPvO@mail.ru,READ,2024-09-26 14:05:48
IQMABTurNToWZ@mail.ru,UPDATE,2024-09-26 11:55:22
cAGuWVeGBsaGED@ya.ru,UPDATE,2024-09-26 12:29:20
dtiwKkJXfF@mail.ru,DELETE,2024-09-26 07:20:17
nVkPeSKIArZcqI@gmail.com,READ,2024-09-26 13:12:19
nVkPeSKIArZcqI@gmail.com,DELETE,2024-09-26 17:54:53
ofbDGWV@mail.ru,READ,2024-09-26 18:24:08
hoDdznfyHaCJF@ya.ru,DELETE,2024-09-26 22:00:13
cJtcopznx@mail.ru,CREATE,2024-09-26 03:04:49
eZtacH@gmail.com,READ,2024-09-26 02:24:54
IQMABTurNToWZ@mail.ru,DELETE,2024-09-26 17:13:37
ofbDGWV@mail.ru,READ,2024-09-26 11:12:36
xEtNpRsDgqsTCH@gmail.com,DELETE,2024-09-26 04:19:23
cAGuWVeGBsaGED@ya.ru,DELETE,2024-09-26 03:49:31
hoDdznfyHaCJF@ya.ru,DELETE,2024-09-26 10:46:33
cJtcopznx@mail.ru,UPDATE,2024-09-26 04:58:33
cJtcopznx@mail.ru,READ,2024-09-26 02:09:13
bKFhkeksP@ya.ru,DELETE,2024-09-26 17:19:57
hoDdznfyHaCJF@ya.ru,READ,2024-09-26 05:08:47
cAGuWVeGBsaGED@ya.ru,CREATE,2024-09-26 01:17:18
ofbDGWV@mail.ru,DELETE,2024-09-26 12:23:38
nCRxWfPvO@mail.ru,READ,2024-09-26 13:54:27
bKFhkeksP@ya.ru,UPDATE,2024-09-26 08:02:38
hoDdznfyHaCJF@ya.ru,READ,2024-09-26 11:37:45
cJtcopznx@mail.ru,UPDATE,2024-09-26 16:34:38
FZXmSUzeR@ya.ru,DELETE,2024-09-26 11:51:17
cJtcopznx@mail.ru,DELETE,2024-09-26 13:41:21
FZXmSUzeR@ya.ru,UPDATE,2024-09-26 17:39:49
FZXmSUzeR@ya.ru,DELETE,2024-09-26 13:33:47
eZtacH@gmail.com,DELETE,2024-09-26 05:16:47
cAGuWVeGBsaGED@ya.ru,READ,2024-09-26 23:48:49
FZXmSUzeR@ya.ru,CREATE,2024-09-26 14:51:08
FZXmSUzeR@ya.ru,CREATE,2024-09-26 20:21:42
cJtcopznx@mail.ru,CREATE,2024-09-26 08:02:52
nVkPeSKIArZcqI@gmail.com,UPDATE,2024-09-26 18:33:53
hoDdznfyHaCJF@ya.ru,READ,2024-09-26 19:12:11
zUbqRYGdt@mail.ru,DELETE,2024-09-26 21:59:45
EOxEu@gmail.com,UPDATE,2024-09-26 08:42:10
dtiwKkJXfF@mail.ru,CREATE,2024-09-26 15:26:41
xEtNpRsDgqsTCH@gmail.com,UPDATE,2024-09-26 04:49:05
bKFhkeksP@ya.ru,UPDATE,2024-09-26 19:42:54
nVkPeSKIArZcqI@gmail.com,DELETE,2024-09-26 19:22:13
zUbqRYGdt@mail.ru,UPDATE,2024-09-26 10:47:43
cAGuWVeGBsaGED@ya.ru,READ,2024-09-26 14:14:30
nVkPeSKIArZcqI@gmail.com,CREATE,2024-09-26 12:30:01
dtiwKkJXfF@mail.ru,DELETE,2024-09-26 17:39:16
xEtNpRsDgqsTCH@gmail.com,CREATE,2024-09-26 02:07:05
nCRxWfPvO@mail.ru,UPDATE,2024-09-26 22:46:15
IQMABTurNToWZ@mail.ru,DELETE,2024-09-26 00:27:25
hoDdznfyHaCJF@ya.ru,READ,2024-09-26 12:29:34
nVkPeSKIArZcqI@gmail.com,CREATE,2024-09-26 22:48:00
xEtNpRsDgqsTCH@gmail.com,CREATE,2024-09-26 07:05:46
nCRxWfPvO@mail.ru,UPDATE,2024-09-26 20:05:31
PztsyiPP@ya.ru,UPDATE,2024-09-26 19:05:57
FZXmSUzeR@ya.ru,UPDATE,2024-09-26 01:01:43
hoDdznfyHaCJF@ya.ru,CREATE,2024-09-26 00:19:56
hoDdznfyHaCJF@ya.ru,DELETE,2024-09-26 04:27:15
PztsyiPP@ya.ru,CREATE,2024-09-26 03:35:20
IQMABTurNToWZ@mail.ru,UPDATE,2024-09-26 13:31:50
nVkPeSKIArZcqI@gmail.com,DELETE,2024-09-26 13:17:29
cAGuWVeGBsaGED@ya.ru,DELETE,2024-09-26 10:55:31
xEtNpRsDgqsTCH@gmail.com,READ,2024-09-26 12:04:53
nCRxWfPvO@mail.ru,DELETE,2024-09-26 19:15:12
FZXmSUzeR@ya.ru,DELETE,2024-09-26 12:38:28
dtiwKkJXfF@mail.ru,READ,2024-09-26 22:38:30
EOxEu@gmail.com,DELETE,2024-09-26 04:18:58
FZXmSUzeR@ya.ru,CREATE,2024-09-26 12:10:59
eZtacH@gmail.com,DELETE,2024-09-26 19:17:49
eZtacH@gmail.com,UPDATE,2024-09-26 18:02:29
EOxEu@gmail.com,READ,2024-09-26 06:07:31
PztsyiPP@ya.ru,CREATE,2024-09-26 18:46:03
hoDdznfyHaCJF@ya.ru,READ,2024-09-26 08:56:55
IQMABTurNToWZ@mail.ru,READ,2024-09-26 11:23:21
nVkPeSKIArZcqI@gmail.com,READ,2024-09-26 01:17:48
cAGuWVeGBsaGED@ya.ru,UPDATE,2024-09-26 23:32:35
IQMABTurNToWZ@mail.ru,CREATE,2024-09-26 04:59:48
bKFhkeksP@ya.ru,DELETE,2024-09-26 08:54:39
dtiwKkJXfF@mail.ru,CREATE,2024-09-26 00:23:03
cAGuWVeGBsaGED@ya.ru,READ,2024-09-26 22:36:36
cJtcopznx@mail.ru,UPDATE,2024-09-26 00:49:53
nVkPeSKIArZcqI@gmail.com,CREATE,2024-09-26 05:20:42
cAGuWVeGBsaGED@ya.ru,CREATE,2024-09-26 23:32:47
nCRxWfPvO@mail.ru,CREATE,2024-09-26 20:07:37
EOxEu@gmail.com,READ,2024-09-26 14:31:12
IQMABTurNToWZ@mail.ru,READ,2024-09-26 04:44:40
eZtacH@gmail.com,DELETE,2024-09-26 18:16:32
PztsyiPP@ya.ru,READ,2024-09-26 19:54:19
zUbqRYGdt@mail.ru,CREATE,2024-09-26 06:14:19
FZXmSUzeR@ya.ru,READ,2024-09-26 11:33:20
nCRxWfPvO@mail.ru,UPDATE,2024-09-26 10:24:25
bKFhkeksP@ya.ru,DELETE,2024-09-26 09:26:46
PztsyiPP@ya.ru,DELETE,2024-09-26 20:04:07
ofbDGWV@mail.ru,READ,2024-09-26 04:34:47
zUbqRYGdt@mail.ru,READ,2024-09-26 05:11:07
cAGuWVeGBsaGED@ya.ru,READ,2024-09-26 12:19:12
eZtacH@gmail.com,UPDATE,2024-09-26 15:13:13
cJtcopznx@mail.ru,UPDATE,2024-09-26 13:02:39
eZtacH@gmail.com,UPDATE,2024-09-26 06:53:27
FZXmSUzeR@ya.ru,DELETE,2024-09-26 23:13:21
IQMABTurNToWZ@mail.ru,CREATE,2024-09-26 13:21:07
IQMABTurNToWZ@mail.ru,DELETE,2024-09-26 17:52:45
hoDdznfyHaCJF@ya.ru,READ,2024-09-26 00:58:51
nVkPeSKIArZcqI@gmail.com,UPDATE,2024-09-26 04:36:56
zUbqRYGdt@mail.ru,DELETE,2024-09-26 04:58:34
ofbDGWV@mail.ru,READ,2024-09-26 19:15:29
eZtacH@gmail.com,DELETE,2024-09-26 06:11:28
bKFhkeksP@ya.ru,DELETE,2024-09-26 01:40:50
IQMABTurNToWZ@mail.ru,READ,2024-09-26 10:56:10
PztsyiPP@ya.ru,UPDATE,2024-09-26 01:28:26
bKFhkeksP@ya.ru,DELETE,2024-09-26 17:51:28
bKFhkeksP@ya.ru,READ,2024-09-26 17:32:47
FZXmSUzeR@ya.ru,DELETE,2024-09-26 14:27:54
cJtcopznx@mail.ru,READ,2024-09-26 14:51:46
ofbDGWV@mail.ru,UPDATE,2024-09-26 21:06:03
bKFhkeksP@ya.ru,DELETE,2024-09-26 11:55:52
xEtNpRsDgqsTCH@gmail.com,DELETE,2024-09-26 15:14:27
eZtacH@gmail.com,READ,2024-09-26 01:32:03
nCRxWfPvO@mail.ru,CREATE,2024-09-26 07:04:57
cJtcopznx@mail.ru,DELETE,2024-09-26 03:09:56
cAGuWVeGBsaGED@ya.ru,UPDATE,2024-09-26 18:04:04
xEtNpRsDgqsTCH@gmail.com,CREATE,2024-09-26 04:54:16
nCRxWfPvO@mail.ru,READ,2024-09-26 19:37:43
eZtacH@gmail.com,UPDATE,2024-09-26 15:59:25
zUbqRYGdt@mail.ru,UPDATE,2024-09-26 19:27:19
nVkPeSKIArZcqI@gmail.com,UPDATE,2024-09-26 06:37:34
hoDdznfyHaCJF@ya.ru,READ,2024-09-26 02:18:53
zUbqRYGdt@mail.ru,DELETE,2024-09-26 10:30:15
nVkPeSKIArZcqI@gmail.com,UPDATE,2024-09-26 03:58:48
eZtacH@gmail.com,CREATE,2024-09-26 21:54:50
PztsyiPP@ya.ru,DELETE,2024-09-26 02:52:47
ofbDGWV@mail.ru,DELETE,2024-09-26 19:44:27
cJtcopznx@mail.ru,DELETE,2024-09-26 02:54:09
dtiwKkJXfF@mail.ru,READ,2024-09-26 06:50:14
nCRxWfPvO@mail.ru,UPDATE,2024-09-26 00:28:09
zUbqRYGdt@mail.ru,UPDATE,2024-09-26 22:02:46
dtiwKkJXfF@mail.ru,DELETE,2024-09-26 13:20:35
cAGuWVeGBsaGED@ya.ru,READ,2024-09-26 00:43:27
dtiwKkJXfF@mail.ru,UPDATE,2024-09-26 21:42:43
zUbqRYGdt@mail.ru,CREATE,2024-09-26 04:08:14
hoDdznfyHaCJF@ya.ru,UPDATE,2024-09-26 21:25:57
EOxEu@gmail.com,READ,2024-09-26 19:12:23
xEtNpRsDgqsTCH@gmail.com,CREATE,2024-09-26 07:35:10
IQMABTurNToWZ@mail.ru,DELETE,2024-09-26 22:17:13
hoDdznfyHaCJF@ya.ru,UPDATE,2024-09-26 11:20:27
eZtacH@gmail.com,READ,2024-09-26 12:03:46
eZtacH@gmail.com,READ,2024-09-26 04:21:15
nVkPeSKIArZcqI@gmail.com,UPDATE,2024-09-26 00:06:56
ofbDGWV@mail.ru,READ,2024-09-26 13:39:34
nCRxWfPvO@mail.ru,UPDATE,2024-09-26 21:04:58
PztsyiPP@ya.ru,CREATE,2024-09-26 09:10:38
zUbqRYGdt@mail.ru,CREATE,2024-09-26 07:42:56
FZXmSUzeR@ya.ru,UPDATE,2024-09-26 23:36:32
EOxEu@gmail.com,CREATE,2024-09-26 15:00:03
IQMABTurNToWZ@mail.ru,READ,2024-09-26 14:08:43
nVkPeSKIArZcqI@gmail.com,CREATE,2024-09-26 14:42:55
ofbDGWV@mail.ru,UPDATE,2024-09-26 01:14:58
nCRxWfPvO@mail.ru,UPDATE,2024-09-26 08:06:30
hoDdznfyHaCJF@ya.ru,UPDATE,2024-09-26 23:20:37
nCRxWfPvO@mail.ru,UPDATE,2024-09-26 17:19:05
zUbqRYGdt@mail.ru,READ,2024-09-26 15:28:41
nVkPeSKIArZcqI@gmail.com,READ,2024-09-26 11:06:16
zUbqRYGdt@mail.ru,READ,2024-09-26 14:39:57
PztsyiPP@ya.ru,DELETE,2024-09-26 05:14:24
cJtcopznx@mail.ru,DELETE,2024-09-26 15:56:01
nCRxWfPvO@mail.ru,UPDATE,2024-09-26 03:42:28
xEtNpRsDgqsTCH@gmail.com,READ,2024-09-26 19:56:22
hoDdznfyHaCJF@ya.ru,READ,2024-09-26 00:40:14
eZtacH@gmail.com,DELETE,2024-09-26 20:16:16
nVkPeSKIArZcqI@gmail.com,UPDATE,2024-09-26 19:22:09
nVkPeSKIArZcqI@gmail.com,DELETE,2024-09-26 21:15:44
dtiwKkJXfF@mail.ru,CREATE,2024-09-26 12:06:43
eZtacH@gmail.com,DELETE,2024-09-26 19:36:20
nCRxWfPvO@mail.ru,DELETE,2024-09-26 14:36:33
cAGuWVeGBsaGED@ya.ru,CREATE,2024-09-26 13:29:06
EOxEu@gmail.com,UPDATE,2024-09-26 11:55:49
eZtacH@gmail.com,CREATE,2024-09-26 12:09:26
cAGuWVeGBsaGED@ya.ru,UPDATE,2024-09-26 07:14:28
hoDdznfyHaCJF@ya.ru,UPDATE,2024-09-26 04:47:47
PztsyiPP@ya.ru,UPDATE,2024-09-26 20:50:27
dtiwKkJXfF@mail.ru,DELETE,2024-09-26 08:07:04
IQMABTurNToWZ@mail.ru,DELETE,2024-09-26 17:23:35
zUbqRYGdt@mail.ru,CREATE,2024-09-26 07:21:02
ofbDGWV@mail.ru,CREATE,2024-09-26 23:19:03
xEtNpRsDgqsTCH@gmail.com,DELETE,2024-09-26 22:58:35
EOxEu@gmail.com,CREATE,2024-09-26 03:41:39
cAGuWVeGBsaGED@ya.ru,DELETE,2024-09-26 14:15:54
xEtNpRsDgqsTCH@gmail.com,READ,2024-09-26 15:39:54
PztsyiPP@ya.ru,CREATE,2024-09-26 09:12:03
eZtacH@gmail.com,DELETE,2024-09-26 04:51:01
FZXmSUzeR@ya.ru,DELETE,2024-09-26 18:25:53
ofbDGWV@mail.ru,READ,2024-09-26 19:22:47
cJtcopznx@mail.ru,READ,2024-09-26 21:15:33
zUbqRYGdt@mail.ru,DELETE,2024-09-26 11:36:44
nVkPeSKIArZcqI@gmail.com,DELETE,2024-09-26 22:12:28
FZXmSUzeR@ya.ru,DELETE,2024-09-26 23:43:22
eZtacH@gmail.com,DELETE,2024-09-26 08:43:38
eZtacH@gmail.com,UPDATE,2024-09-26 13:02:30
FZXmSUzeR@ya.ru,CREATE,2024-09-26 20:39:01
nVkPeSKIArZcqI@gmail.com,UPDATE,2024-09-26 17:41:31
PztsyiPP@ya.ru,UPDATE,2024-09-26 13:15:00
eZtacH@gmail.com,READ,2024-09-26 15:22:49
cAGuWVeGBsaGED@ya.ru,DELETE,2024-09-26 08:04:00
EOxEu@gmail.com,UPDATE,2024-09-26 13:00:21
PztsyiPP@ya.ru,READ,2024-09-26 01:57:20
dtiwKkJXfF@mail.ru,UPDATE,2024-09-26 03:07:36
eZtacH@gmail.com,CREATE,2024-09-26 13:23:06
zUbqRYGdt@mail.ru,READ,2024-09-26 10:47:52
PztsyiPP@ya.ru,READ,2024-09-26 12:34:42
dtiwKkJXfF@mail.ru,CREATE,2024-09-26 01:00:37
xEtNpRsDgqsTCH@gmail.com,DELETE,2024-09-26 16:43:59
zUbqRYGdt@mail.ru,UPDATE,2024-09-26 23:39:04
cJtcopznx@mail.ru,UPDATE,2024-09-26 03:14:46
zUbqRYGdt@mail.ru,UPDATE,2024-09-26 00:55:09
nVkPeSKIArZcqI@gmail.com,DELETE,2024-09-26 03:32:13
IQMABTurNToWZ@mail.ru,READ,2024-09-26 11:13:20
cJtcopznx@mail.ru,DELETE,2024-09-26 10:26:50
hoDdznfyHaCJF@ya.ru,CREATE,2024-09-26 06:53:42
xEtNpRsDgqsTCH@gmail.com,READ,2024-09-26 07:47:52
hoDdznfyHaCJF@ya.ru,DELETE,2024-09-26 22:09:35
nCRxWfPvO@mail.ru,UPDATE,2024-09-26 10:50:26
cJtcopznx@mail.ru,READ,2024-09-26 08:56:00
IQMABTurNToWZ@mail.ru,UPDATE,2024-09-26 20:44:20
zUbqRYGdt@mail.ru,CREATE,2024-09-26 04:09:07
EOxEu@gmail.com,READ,2024-09-26 18:14:38
nVkPeSKIArZcqI@gmail.com,READ,2024-09-26 17:54:33
xEtNpRsDgqsTCH@gmail.com,CREATE,2024-09-26 08:50:13
nCRxWfPvO@mail.ru,READ,2024-09-26 08:13:51
eZtacH@gmail.com,UPDATE,2024-09-26 21:11:22
eZtacH@gmail.com,DELETE,2024-09-26 23:07:41
bKFhkeksP@ya.ru,CREATE,2024-09-26 12:15:45
eZtacH@gmail.com,READ,2024-09-26 11:45:02
cAGuWVeGBsaGED@ya.ru,READ,2024-09-26 11:18:33
cJtcopznx@mail.ru,UPDATE,2024-09-26 18:25:39
IQMABTurNToWZ@mail.ru,DELETE,2024-09-26 03:11:13
hoDdznfyHaCJF@ya.ru,UPDATE,2024-09-26 07:59:24
nCRxWfPvO@mail.ru,READ,2024-09-26 00:38:29
nVkPeSKIArZcqI@gmail.com,UPDATE,2024-09-26 20:22:25
hoDdznfyHaCJF@ya.ru,READ,2024-09-26 08:48:22
PztsyiPP@ya.ru,READ,2024-09-26 19:02:45
IQMABTurNToWZ@mail.ru,READ,2024-09-26 00:04:37
IQMABTurNToWZ@mail.ru,UPDATE,2024-09-26 07:59:22
xEtNpRsDgqsTCH@gmail.com,DELETE,2024-09-26 07:23:45
nCRxWfPvO@mail.ru,CREATE,2024-09-26 21:29:24
nVkPeSKIArZcqI@gmail.com,CREATE,2024-09-26 04:03:45
IQMABTurNToWZ@mail.ru,CREATE,2024-09-26 12:55:48
dtiwKkJXfF@mail.ru,UPDATE,2024-09-26 12:47:24
PztsyiPP@ya.ru,DELETE,2024-09-26 19:09:45
cAGuWVeGBsaGED@ya.ru,UPDATE,2024-09-26 06:15:35
hoDdznfyHaCJF@ya.ru,READ,2024-09-26 10:21:23
nVkPeSKIArZcqI@gmail.com,DELETE,2024-09-26 21:05:10
ofbDGWV@mail.ru,DELETE,2024-09-26 03:04:14
IQMABTurNToWZ@mail.ru,DELETE,2024-09-26 11:52:26
ofbDGWV@mail.ru,DELETE,2024-09-26 13:23:26
PztsyiPP@ya.ru,CREATE,2024-09-26 10:51:30
xEtNpRsDgqsTCH@gmail.com,DELETE,2024-09-26 17:32:09
cJtcopznx@mail.ru,READ,2024-09-26 18:57:48
zUbqRYGdt@mail.ru,CREATE,2024-09-26 01:29:53
EOxEu@gmail.com,DELETE,2024-09-26 18:07:47
bKFhkeksP@ya.ru,DELETE,2024-09-26 20:36:38
eZtacH@gmail.com,DELETE,2024-09-26 12:56:32
FZXmSUzeR@ya.ru,READ,2024-09-26 11:15:40
PztsyiPP@ya.ru,UPDATE,2024-09-26 21:43:49
eZtacH@gmail.com,READ,2024-09-26 07:34:18
xEtNpRsDgqsTCH@gmail.com,DELETE,2024-09-26 07:35:45
PztsyiPP@ya.ru,DELETE,2024-09-26 11:08:28
nVkPeSKIArZcqI@gmail.com,READ,2024-09-26 20:12:49
cAGuWVeGBsaGED@ya.ru,UPDATE,2024-09-26 11:39:00
EOxEu@gmail.com,DELETE,2024-09-26 21:16:38
nVkPeSKIArZcqI@gmail.com,UPDATE,2024-09-26 21:50:38
FZXmSUzeR@ya.ru,CREATE,2024-09-26 05:43:24
eZtacH@gmail.com,UPDATE,2024-09-26 14:42:22
ofbDGWV@mail.ru,UPDATE,2024-09-26 08:36:49
FZXmSUzeR@ya.ru,CREATE,2024-09-26 11:19:08
nCRxWfPvO@mail.ru,DELETE,2024-09-26 15:23:27
dtiwKkJXfF@mail.ru,UPDATE,2024-09-26 19:07:16
bKFhkeksP@ya.ru,DELETE,2024-09-26 10:58:01
dtiwKkJXfF@mail.ru,READ,2024-09-26 20:15:58
eZtacH@gmail.com,READ,2024-09-26 05:14:29
cAGuWVeGBsaGED@ya.ru,CREATE,2024-09-26 22:05:54
eZtacH@gmail.com,DELETE,2024-09-26 01:04:42
ofbDGWV@mail.ru,DELETE,2024-09-26 12:11:54
PztsyiPP@ya.ru,CREATE,2024-09-26 21:44:36
IQMABTurNToWZ@mail.ru,UPDATE,2024-09-26 21:13:36
FZXmSUzeR@ya.ru,CREATE,2024-09-26 18:57:38
nVkPeSKIArZcqI@gmail.com,CREATE,2024-09-26 17:40:39
cAGuWVeGBsaGED@ya.ru,READ,2024-09-26 06:02:30
EOxEu@gmail.com,CREATE,2024-09-26 12:24:52
hoDdznfyHaCJF@ya.ru,DELETE,2024-09-26 07:25:42
nVkPeSKIArZcqI@gmail.com,UPDATE,2024-09-26 03:32:44
EOxEu@gmail.com,READ,2024-09-26 23:10:45
PztsyiPP@ya.ru,READ,2024-09-26 06:09:05
zUbqRYGdt@mail.ru,UPDATE,2024-09-26 22:55:07
cJtcopznx@mail.ru,DELETE,2024-09-26 23:54:17
hoDdznfyHaCJF@ya.ru,CREATE,2024-09-26 11:50:23
xEtNpRsDgqsTCH@gmail.com,CREATE,2024-09-26 20:32:34
eZtacH@gmail.com,CREATE,2024-09-26 10:48:08
cJtcopznx@mail.ru,READ,2024-09-26 02:08:57
cAGuWVeGBsaGED@ya.ru,DELETE,2024-09-26 14:05:12
IQMABTurNToWZ@mail.ru,READ,2024-09-26 07:16:07
EOxEu@gmail.com,CREATE,2024-09-26 05:28:21
zUbqRYGdt@mail.ru,UPDATE,2024-09-26 04:29:07
bKFhkeksP@ya.ru,READ,2024-09-26 16:01:03
cAGuWVeGBsaGED@ya.ru,CREATE,2024-09-26 11:44:30
ofbDGWV@mail.ru,DELETE,2024-09-26 00:19:20
cAGuWVeGBsaGED@ya.ru,CREATE,2024-09-26 06:06:35
bKFhkeksP@ya.ru,CREATE,2024-09-26 00:43:20
nCRxWfPvO@mail.ru,CREATE,2024-09-26 09:37:25
zUbqRYGdt@mail.ru,UPDATE,2024-09-26 13:58:44
nCRxWfPvO@mail.ru,CREATE,2024-09-26 08:19:06
nVkPeSKIArZcqI@gmail.com,READ,2024-09-26 12:05:20
PztsyiPP@ya.ru,READ,2024-09-26 18:12:28
eZtacH@gmail.com,READ,2024-09-26 16:37:59
zUbqRYGdt@mail.ru,UPDATE,2024-09-26 06:10:33
hoDdznfyHaCJF@ya.ru,DELETE,2024-09-26 06:02:44
nVkPeSKIArZcqI@gmail.com,UPDATE,2024-09-26 19:07:44
zUbqRYGdt@mail.ru,READ,2024-09-26 12:10:22
PztsyiPP@ya.ru,READ,2024-09-26 16:11:02
ofbDGWV@mail.ru,CREATE,2024-09-26 22:41:26
cAGuWVeGBsaGED@ya.ru,UPDATE,2024-09-26 19:55:19
dtiwKkJXfF@mail.ru,READ,2024-09-26 21:59:49
eZtacH@gmail.com,READ,2024-09-26 02:39:27
FZXmSUzeR@ya.ru,READ,2024-09-26 23:54:03
FZXmSUzeR@ya.ru,READ,2024-09-26 23:27:03
ofbDGWV@mail.ru,UPDATE,2024-09-26 21:36:43
cJtcopznx@mail.ru,DELETE,2024-09-26 02:05:12
cJtcopznx@mail.ru,UPDATE,2024-09-26 13:34:45
bKFhkeksP@ya.ru,READ,2024-09-26 03:21:27
dtiwKkJXfF@mail.ru,DELETE,2024-09-26 11:11:18
xEtNpRsDgqsTCH@gmail.com,DELETE,2024-09-26 02:05:16
hoDdznfyHaCJF@ya.ru,READ,2024-09-26 17:23:44
PztsyiPP@ya.ru,DELETE,2024-09-26 04:49:48
hoDdznfyHaCJF@ya.ru,READ,2024-09-26 04:07:00
eZtacH@gmail.com,READ,2024-09-26 14:57:30
dtiwKkJXfF@mail.ru,READ,2024-09-26 10:08:30
nVkPeSKIArZcqI@gmail.com,UPDATE,2024-09-26 05:25:57
cAGuWVeGBsaGED@ya.ru,DELETE,2024-09-26 19:11:07
hoDdznfyHaCJF@ya.ru,UPDATE,2024-09-26 12:23:05
nCRxWfPvO@mail.ru,READ,2024-09-26 01:39:16
nVkPeSKIArZcqI@gmail.com,DELETE,2024-09-26 16:48:57
cAGuWVeGBsaGED@ya.ru,READ,2024-09-26 09:47:07
dtiwKkJXfF@mail.ru,CREATE,2024-09-26 06:49:25